日期,推荐号码,百位,十位,个位,策略,候选总数,命中率
2026-07-01,631,6,3,1,组六+和值7-20+跨度4-7+奇偶不全同→选最热,348,35.0%
2026-07-01,631,6,3,1,组六+和值7-20+跨度4-7+奇偶不全同→选最热,348,35.0%
2026-07-04,631,6,3,1,组六+和值7-20+跨度4-7+奇偶不全同→选最热,348,35.0%
2026-07-04,631,6,3,1,组六+和值7-20+跨度4-7+奇偶不全同→选最热,348,35.0%
2026-07-04,631,6,3,1,组六+和值7-20+跨度4-7+奇偶不全同→选最热,348,35.0%
2026-07-04,615,6,1,5,"615,072,152,784,381",组六+和值7-20+跨度4-7+奇偶不全同→热度加权随机,348,35.0%
2026-07-04,615,6,1,5,"615,072,152,784,381",组六+和值7-20+跨度4-7+奇偶不全同→热度加权随机,348,35.0%
2026-07-04,615,6,1,5,"615,072,152,784,381",组六+和值7-20+跨度4-7+奇偶不全同→热度加权随机,348,35.0%
2026-07-05,649,6,4,9,"649,594,972,450,386",组六+和值7-20+跨度4-7+奇偶不全同→热度加权随机,348,35.0%
2026-07-05,649,6,4,9,"649,594,972,450,386",组六+和值7-20+跨度4-7+奇偶不全同→热度加权随机,348,35.0%
2026-07-06,418,4,1,8,"418,761,816,170,053",组六+和值7-20+跨度4-7+奇偶不全同→热度加权随机,348,35.0%
2026-07-07,506,5,0,6,"506,283,168,218,273",组六+和值7-20+跨度4-7+奇偶不全同→热度加权随机,348,35.0%
2026-07-08,847,8,4,7,"847,238,520,652,817",组六+和值7-20+跨度4-7+奇偶不全同→热度加权随机,348,35.0%
