日期,推荐号码,百位,十位,个位,Top5,策略,候选总数,命中率
2026-07-09,974,9,7,4,"974,728,638,053,561",组六+和值7-20+跨度4-7+奇偶不全同→热度加权随机,348,35.0%
2026-07-09,974,9,7,4,"974,728,638,053,561",组六+和值7-20+跨度4-7+奇偶不全同→热度加权随机,348,35.0%
2026-07-09,974,9,7,4,"974,728,638,053,561",组六+和值7-20+跨度4-7+奇偶不全同→热度加权随机,348,35.0%
2026-07-09,974,9,7,4,"974,728,638,053,561",组六+和值7-20+跨度4-7+奇偶不全同→热度加权随机,348,35.0%
2026-07-10,734,7,3,4,"734,506,618,740,162",组六+和值7-20+跨度4-7+奇偶不全同→热度加权随机,348,35.0%
2026-07-17,781,7,8,1,"781,298,063,358,307",组六+和值7-20+跨度4-7+奇偶不全同→热度加权随机,348,35.0%
2026-07-18,965,9,6,5,"965,238,187,812,298",组六+和值7-20+跨度4-7+奇偶不全同→热度加权随机,348,35.0%
2026-07-19,740,7,4,0,"740,450,265,923,934",组六+和值7-20+跨度4-7+奇偶不全同→热度加权随机,348,35.0%
2026-07-20,429,4,2,9,"429,871,361,295,156",组六+和值7-20+跨度4-7+奇偶不全同→热度加权随机,348,35.0%
2026-07-21,893,8,9,3,"893,714,734,853,506",组六+和值7-20+跨度4-7+奇偶不全同→热度加权随机,348,35.0%
2026-07-22,127,1,2,7,"127,269,702,427,384",组六+和值7-20+跨度4-7+奇偶不全同→热度加权随机,348,35.0%
2026-07-23,923,9,2,3,"923,934,427,418,472",组六+和值7-20+跨度4-7+奇偶不全同→热度加权随机,348,35.0%
2026-07-24,497,4,9,7,"497,382,293,782,893",组六+和值7-20+跨度4-7+奇偶不全同→热度加权随机,348,35.0%
