datetime,开盘,最高,最低,收盘,成交量,成交额,代码
2026-06-08 10:00:00,42.14,42.27,41.53999999999999,41.90000000000001,163100,6831887.0,603062
2026-06-08 10:30:00,41.85,41.97000000000002,41.54999999999999,41.78000000000001,71200,2968984.0,603062
2026-06-08 11:00:00,41.78,41.78000000000002,41.33999999999999,41.38,82100,3407635.0,603062
2026-06-08 11:30:00,41.3,41.50000000000002,41.13999999999998,41.3,79300,3275748.0,603062
2026-06-08 13:30:00,41.290000000000006,41.29000000000001,40.67999999999999,40.68000000000001,73100,2997340.0,603062
2026-06-08 14:00:00,40.68,40.8,40.33999999999999,40.67000000000003,99900,4056286.0,603062
2026-06-08 14:30:00,40.63,41.000000000000014,40.56,40.84000000000002,100600,4105097.0,603062
2026-06-08 15:00:00,40.88,40.91000000000002,40.540000000000006,40.79000000000001,99300,4043289.0,603062
2026-06-09 10:00:00,41.0,41.33,40.41999999999999,40.99,116900,4774672.0,603062
2026-06-09 10:30:00,40.740000000000016,41.50000000000004,40.73999999999999,41.30000000000001,66100,2728569.0,603062
2026-06-09 11:00:00,41.30000000000001,41.41000000000004,40.94999999999997,41.14000000000001,22100,908775.0,603062
2026-06-09 11:30:00,41.18,41.27000000000003,40.99999999999998,41.07000000000002,30200,1241467.0,603062
2026-06-09 13:30:00,41.17,41.37000000000004,40.869999999999976,40.91000000000003,37300,1531780.0,603062
2026-06-09 14:00:00,40.90999999999998,41.15000000000002,40.80999999999997,40.81000000000003,21100,864842.0,603062
2026-06-09 14:30:00,40.78999999999999,41.220000000000034,40.78999999999997,41.22000000000002,27000,1109039.0,603062
2026-06-09 15:00:00,41.22999999999998,41.28000000000003,41.00999999999999,41.09000000000004,67900,2793145.0,603062
2026-06-10 10:00:00,41.09,41.70000000000002,40.70999999999999,41.67999999999999,167600,6882336.0,603062
2026-06-10 10:30:00,41.72999999999999,42.43000000000002,41.49999999999994,41.74999999999997,257300,10814191.0,603062
2026-06-10 11:00:00,41.659999999999975,42.99000000000003,41.51999999999994,42.21999999999994,304800,12913559.0,603062
2026-06-10 11:30:00,42.249999999999964,42.56,42.10999999999993,42.18999999999991,87300,3696154.0,603062
2026-06-10 13:30:00,42.27999999999997,42.78,42.11999999999994,42.14999999999994,80500,3409044.0,603062
2026-06-10 14:00:00,42.15999999999998,42.54000000000001,42.00999999999994,42.38999999999992,86600,3658369.0,603062
2026-06-10 14:30:00,42.44999999999999,42.45000000000002,42.12999999999995,42.189999999999934,38200,1614764.0,603062
2026-06-10 15:00:00,42.20999999999999,42.37000000000002,42.13999999999995,42.20999999999993,72000,3040424.0,603062
2026-06-11 10:00:00,42.26,43.97999999999998,42.13,43.03999999999997,384200,16445858.0,603062
2026-06-11 10:30:00,43.04999999999998,43.19999999999999,42.55000000000002,42.67999999999995,91800,3933856.0,603062
2026-06-11 11:00:00,42.77,43.02000000000001,42.55000000000004,42.68999999999999,46400,1985323.0,603062
2026-06-11 11:30:00,42.680000000000014,43.06000000000002,42.68000000000005,42.74999999999999,57600,2469104.0,603062
2026-06-11 13:30:00,42.77000000000003,43.70000000000005,42.72000000000005,43.35000000000002,159000,6886605.0,603062
2026-06-11 14:00:00,43.28000000000004,43.81000000000007,43.18000000000007,43.690000000000026,151600,6593245.0,603062
2026-06-11 14:30:00,43.69000000000005,43.69000000000007,43.21000000000007,43.22000000000002,67800,2943256.0,603062
2026-06-11 15:00:00,43.22000000000004,43.36000000000005,43.02000000000008,43.10000000000003,117000,5050674.0,603062
2026-06-12 10:00:00,43.35,43.5,42.75,42.88,138600,5961071.0,603062
2026-06-12 10:30:00,42.93,43.09,42.78,42.79,59600,2559709.0,603062
2026-06-12 11:00:00,42.8,42.95,42.66,42.9,50900,2177190.0,603062
2026-06-12 11:30:00,42.9,43.01,42.79,42.93,36600,1570260.0,603062
2026-06-12 13:30:00,42.93,42.98,42.5,42.57,91500,3903280.0,603062
2026-06-12 14:00:00,42.59,42.68,42.33,42.38,73800,3140254.0,603062
2026-06-12 14:30:00,42.38,42.4,42.06,42.1,63000,2664255.0,603062
2026-06-12 15:00:00,42.1,42.5,42.07,42.42,100800,4259604.0,603062
2026-06-15 10:00:00,42.88,43.37000000000002,42.63000000000001,42.94000000000003,160500,6904972.0,603062
2026-06-15 10:30:00,42.939999999999976,43.03,42.70000000000005,42.810000000000045,59500,2549293.0,603062
2026-06-15 11:00:00,42.80999999999999,42.92,42.45000000000005,42.51000000000004,68700,2932155.0,603062
2026-06-15 11:30:00,42.5,42.51,42.11000000000005,42.15000000000004,85600,3623757.0,603062
2026-06-15 13:30:00,42.14999999999999,42.259999999999984,41.89000000000004,41.97000000000002,108300,4552454.0,603062
2026-06-15 14:00:00,41.92,42.06999999999998,41.61000000000004,41.82000000000004,66600,2787389.0,603062
2026-06-15 14:30:00,41.850000000000016,42.05,41.76000000000006,41.84000000000003,69400,2905796.0,603062
2026-06-15 15:00:00,41.86000000000002,42.12,41.75000000000005,42.05,142300,5969300.0,603062
2026-06-16 10:00:00,42.19,42.19,41.33,41.78000000000005,150100,6249320.0,603062
2026-06-16 10:30:00,41.78999999999999,41.98999999999999,41.47000000000001,41.58000000000006,95600,3983536.0,603062
2026-06-16 11:00:00,41.47999999999999,41.81,41.48000000000001,41.59000000000008,42200,1756219.0,603062
2026-06-16 11:30:00,41.58999999999998,41.73,41.470000000000006,41.650000000000055,45700,1899119.0,603062
2026-06-16 13:30:00,41.64999999999999,41.81999999999999,41.41000000000003,41.420000000000094,67100,2791082.0,603062
2026-06-16 14:00:00,41.41,41.510000000000005,41.30000000000005,41.51000000000012,59300,2455609.0,603062
2026-06-16 14:30:00,41.500000000000014,41.62,41.38000000000006,41.4000000000001,50000,2073188.0,603062
2026-06-16 15:00:00,41.440000000000005,41.6,41.31000000000005,41.46000000000012,72100,2985866.0,603062
2026-06-17 10:00:00,41.72,41.72,41.1,41.259999999999984,118900,4909651.0,603062
2026-06-17 10:30:00,41.27,41.34999999999998,41.049999999999976,41.16999999999998,72000,2964381.0,603062
2026-06-17 11:00:00,41.19999999999999,41.659999999999975,41.09,41.41,42200,1743801.0,603062
2026-06-17 11:30:00,41.41,41.46999999999999,41.22,41.45,51000,2107087.0,603062
2026-06-17 13:30:00,41.33,41.47999999999999,41.10000000000001,41.23000000000002,38700,1596579.0,603062
2026-06-17 14:00:00,41.22000000000001,41.38000000000001,41.22000000000001,41.320000000000014,25200,1040132.0,603062
2026-06-17 14:30:00,41.390000000000015,41.4,41.260000000000026,41.30000000000001,33400,1380009.0,603062
2026-06-17 15:00:00,41.34000000000003,41.39999999999999,41.26000000000004,41.40000000000003,34100,1409654.0,603062
2026-06-18 10:00:00,42.02,42.02,40.8,41.95,148600,6142597.0,603062
2026-06-18 10:30:00,41.86,42.16,41.59,41.96,83100,3482729.0,603062
2026-06-18 11:00:00,41.97,42.13,41.8,41.82,60700,2544707.0,603062
2026-06-18 11:30:00,41.8,41.91,41.67,41.76,27700,1157255.0,603062
2026-06-18 13:30:00,41.78,41.84,41.4,41.84,26000,1083940.0,603062
2026-06-18 14:00:00,41.69,42.1,41.57,42.1,126100,5269639.0,603062
2026-06-18 14:30:00,42.1,42.3,41.82,41.86,96200,4045427.0,603062
2026-06-18 15:00:00,41.86,41.92,41.56,41.61,103200,4311544.0,603062
2026-06-22 10:00:00,41.93,41.98,39.80000000000002,40.0,280500,11310551.0,603062
2026-06-22 10:30:00,40.03999999999999,40.83000000000001,40.010000000000005,40.73000000000004,79700,3213755.0,603062
2026-06-22 11:00:00,40.73000000000001,40.94999999999998,40.50999999999999,40.60999999999999,77600,3161649.0,603062
2026-06-22 11:30:00,40.56,40.96,40.51,40.74,14400,586464.0,603062
2026-06-22 13:30:00,40.93000000000001,41.17999999999999,40.7,40.92,47800,1957718.0,603062
2026-06-22 14:00:00,40.66,41.14999999999999,40.31000000000001,40.30999999999998,207200,8421356.0,603062
2026-06-22 14:30:00,40.31000000000002,41.01,40.07000000000002,40.98999999999996,235900,9536459.0,603062
2026-06-22 15:00:00,40.70000000000002,41.03999999999999,40.20000000000002,40.99999999999992,185500,7557693.0,603062
2026-06-23 10:00:00,41.05,41.71000000000001,40.64999999999999,41.49,176100,7270005.0,603062
2026-06-23 10:30:00,41.51000000000001,41.87000000000003,41.45999999999999,41.52000000000003,84200,3508445.0,603062
2026-06-23 11:00:00,41.58000000000003,41.580000000000055,41.21,41.38000000000003,39400,1629892.0,603062
2026-06-23 11:30:00,41.38000000000002,41.490000000000016,41.26,41.34,20500,847986.0,603062
2026-06-23 13:30:00,41.34,41.38,41.19,41.30999999999999,43700,1804661.0,603062
2026-06-23 14:00:00,41.30999999999999,41.43999999999997,41.09,41.17,58700,2423407.0,603062
2026-06-23 14:30:00,41.17,41.21,40.940000000000005,41.02000000000001,55800,2292191.0,603062
2026-06-23 15:00:00,41.03000000000001,41.2,40.93000000000001,41.07,51500,2117210.0,603062
2026-06-24 10:00:00,41.41,41.49999999999998,40.74999999999999,41.48999999999998,128200,5269119.0,603062
2026-06-24 10:30:00,41.5,41.49999999999998,40.79999999999998,40.81999999999995,53500,2196668.0,603062
2026-06-24 11:00:00,40.87,40.86999999999997,40.5,40.70999999999995,77000,3131508.0,603062
2026-06-24 11:30:00,40.81000000000003,40.99999999999999,40.67,40.99999999999997,13600,554890.0,603062
2026-06-24 13:30:00,41.00000000000004,41.16999999999997,40.920000000000016,41.10999999999997,29900,1227022.0,603062
2026-06-24 14:00:00,41.09000000000004,41.27999999999997,40.85000000000002,40.899999999999984,53200,2183259.0,603062
2026-06-24 14:30:00,40.90000000000005,41.48,40.81000000000002,41.07,99200,4086245.0,603062
2026-06-24 15:00:00,41.06000000000004,41.38999999999999,40.900000000000034,41.32,115300,4743382.0,603062
2026-06-25 10:00:00,41.31,41.510000000000005,40.30000000000001,40.330000000000005,155600,6354031.0,603062
2026-06-25 10:30:00,40.40000000000002,40.44000000000001,39.220000000000034,39.490000000000045,674700,26784094.0,603062
2026-06-25 11:00:00,39.46000000000003,39.47000000000001,38.96000000000003,39.18000000000003,158500,6207704.0,603062
2026-06-25 11:30:00,39.280000000000015,39.28,38.98000000000004,38.98000000000003,40400,1578953.0,603062
2026-06-25 13:30:00,38.99,39.96999999999999,38.96000000000003,39.67000000000004,97800,3862634.0,603062
2026-06-25 14:00:00,39.670000000000016,39.720000000000006,39.31000000000007,39.31000000000006,34600,1366555.0,603062
2026-06-25 14:30:00,39.14000000000003,39.71000000000001,39.14000000000007,39.46000000000005,56300,2218510.0,603062
2026-06-25 15:00:00,39.46000000000003,39.7,39.29000000000008,39.40000000000005,66500,2620333.0,603062
2026-06-26 10:00:00,39.26,39.8,38.519999999999975,38.71999999999995,186600,7248723.0,603062
2026-06-26 10:30:00,38.56999999999999,39.240000000000016,38.49999999999997,38.869999999999976,83700,3240884.0,603062
2026-06-26 11:00:00,38.89999999999999,38.99000000000002,38.21999999999998,38.35999999999998,59000,2274213.0,603062
2026-06-26 11:30:00,38.36,38.69000000000003,38.35999999999998,38.57999999999997,47100,1814050.0,603062
2026-06-26 13:30:00,38.7,39.13000000000002,38.65999999999997,38.83999999999996,48100,1872425.0,603062
2026-06-26 14:00:00,38.81999999999999,39.12000000000002,38.819999999999965,38.95999999999994,47400,1844583.0,603062
2026-06-26 14:30:00,38.94999999999998,38.95000000000002,38.66999999999995,38.699999999999946,58600,2270269.0,603062
2026-06-26 15:00:00,38.69999999999998,38.85,38.519999999999946,38.78,48500,1879911.0,603062
2026-06-29 10:00:00,41.41,41.41,37.57999999999999,37.68,160000,6130902.0,603062
2026-06-29 10:30:00,37.67999999999999,38.48000000000002,37.67999999999999,38.35,94800,3608145.0,603062
2026-06-29 11:00:00,38.34999999999999,38.40000000000002,37.77,37.88000000000001,40200,1530744.0,603062
2026-06-29 11:30:00,37.91,38.00000000000003,37.83000000000002,37.97000000000003,28600,1083810.0,603062
2026-06-29 13:30:00,37.91,38.49,37.82000000000003,38.49,75000,2871416.0,603062
2026-06-29 14:00:00,38.50999999999999,38.77999999999998,38.220000000000006,38.71999999999998,167300,6432819.0,603062
2026-06-29 14:30:00,38.71999999999999,38.77999999999996,38.30000000000002,38.77999999999997,109900,4248396.0,603062
2026-06-29 15:00:00,38.75999999999998,38.76999999999995,38.43,38.639999999999965,55800,2152824.0,603062
2026-06-30 10:00:00,40.0,40.39999999999999,38.81,39.409999999999975,329100,13095991.0,603062
2026-06-30 10:30:00,39.41000000000001,39.99999999999999,39.25000000000001,39.35999999999999,83100,3284491.0,603062
2026-06-30 11:00:00,39.36000000000002,39.77000000000001,39.32,39.54,27700,1093704.0,603062
2026-06-30 11:30:00,39.54000000000002,39.62000000000001,39.26,39.58,22300,878112.0,603062
2026-06-30 13:30:00,39.57000000000002,39.650000000000006,39.21000000000001,39.21,93500,3683509.0,603062
2026-06-30 14:00:00,39.29000000000001,39.46,39.21000000000001,39.46,41200,1621987.0,603062
2026-06-30 14:30:00,39.48000000000001,39.77999999999998,39.45,39.729999999999976,40500,1604989.0,603062
2026-06-30 15:00:00,39.73000000000001,40.159999999999975,39.57999999999999,40.14999999999996,133200,5320913.0,603062
2026-07-01 10:00:00,39.15,41.14,39.15,40.79999999999999,217300,8843535.0,603062
2026-07-01 10:30:00,40.8,41.2,40.53999999999999,40.96999999999997,125100,5121775.0,603062
2026-07-01 11:00:00,40.96000000000001,41.079999999999984,40.66999999999997,40.70999999999996,57900,2368321.0,603062
2026-07-01 11:30:00,40.69999999999999,41.04999999999996,40.68999999999996,40.78999999999994,21700,885522.0,603062
2026-07-01 13:30:00,40.87999999999999,41.25999999999997,40.81999999999997,40.89999999999993,83400,3430296.0,603062
2026-07-01 14:00:00,40.91,41.20999999999996,40.84999999999999,41.18999999999993,37700,1545929.0,603062
2026-07-01 14:30:00,41.19,41.96999999999994,41.04999999999999,41.659999999999926,262800,10935354.0,603062
2026-07-01 15:00:00,41.66000000000001,41.98999999999995,41.65999999999999,41.97999999999991,199600,8366717.0,603062
2026-07-02 10:00:00,42.06,42.20999999999999,41.27,42.03999999999999,250000,10444167.0,603062
2026-07-02 10:30:00,42.03999999999999,42.12999999999998,41.74,41.84999999999999,147800,6196830.0,603062
2026-07-02 11:00:00,41.84999999999997,42.139999999999965,41.760000000000005,42.06999999999999,65200,2736950.0,603062
2026-07-02 11:30:00,42.02999999999999,42.049999999999976,41.54000000000001,41.54,93600,3913460.0,603062
2026-07-02 13:30:00,41.54999999999998,41.79999999999997,41.330000000000034,41.610000000000014,145800,6051540.0,603062
2026-07-02 14:00:00,41.64000000000001,42.20999999999997,41.36000000000002,41.49999999999998,162200,6771003.0,603062
2026-07-02 14:30:00,41.45,41.59999999999999,40.96000000000001,41.280000000000015,190400,7858485.0,603062
2026-07-02 15:00:00,41.279999999999966,41.49999999999996,41.12999999999999,41.35000000000002,214600,8853206.0,603062
2026-07-03 10:00:00,41.23,41.73000000000002,41.00000000000001,41.49999999999997,242200,10030283.0,603062
2026-07-03 10:30:00,41.32000000000002,41.32,40.490000000000016,40.669999999999945,177400,7245693.0,603062
2026-07-03 11:00:00,40.67000000000002,40.7,40.33000000000001,40.34999999999993,110700,4480094.0,603062
2026-07-03 11:30:00,40.350000000000016,40.46999999999999,40.12000000000002,40.37999999999994,95100,3834274.0,603062
2026-07-03 13:30:00,40.280000000000015,40.89000000000003,40.230000000000025,40.80999999999996,86100,3497592.0,603062
2026-07-03 14:00:00,40.79000000000005,41.04000000000004,40.60000000000005,40.80999999999997,86800,3541936.0,603062
2026-07-03 14:30:00,40.83000000000006,41.410000000000046,40.590000000000046,41.14999999999998,185200,7583977.0,603062
2026-07-03 15:00:00,40.990000000000045,41.30000000000003,40.510000000000026,40.96,93800,3836320.0,603062
2026-07-06 10:00:00,40.93,41.96999999999999,40.47,41.68999999999998,219600,9095864.0,603062
2026-07-06 10:30:00,41.84,41.83999999999999,41.25000000000001,41.25,63300,2625180.0,603062
2026-07-06 11:00:00,41.24,41.240000000000016,41.01000000000001,41.120000000000005,31600,1299583.0,603062
2026-07-06 11:30:00,41.08,41.33000000000001,40.90000000000001,41.25000000000002,31800,1307137.0,603062
2026-07-06 13:30:00,41.25000000000001,41.320000000000014,41.04000000000004,41.05000000000002,12800,526535.0,603062
2026-07-06 14:00:00,41.040000000000006,41.24000000000001,41.00000000000004,41.170000000000016,91900,3777213.0,603062
2026-07-06 14:30:00,41.11000000000001,41.34,41.08000000000003,41.12000000000001,25900,1067992.0,603062
2026-07-06 15:00:00,41.120000000000005,41.35000000000002,41.120000000000026,41.17000000000002,50600,2085326.0,603062
2026-07-07 10:00:00,41.620000000000005,41.78000000000001,40.8,41.3,126000,5217165.0,603062
2026-07-07 10:30:00,41.33000000000002,41.49,41.160000000000025,41.36999999999999,37100,1534371.0,603062
2026-07-07 11:00:00,41.27000000000002,41.369999999999976,40.81999999999998,40.81999999999996,51800,2132104.0,603062
2026-07-07 11:30:00,40.95999999999999,41.31999999999996,40.76999999999997,41.24999999999994,46900,1922151.0,603062
2026-07-07 13:30:00,41.31999999999998,41.31999999999995,40.839999999999975,40.91999999999996,21200,868565.0,603062
2026-07-07 14:00:00,40.90999999999999,41.29999999999996,40.84999999999997,40.89999999999996,45200,1856451.0,603062
2026-07-07 14:30:00,40.92999999999998,41.18999999999996,40.83999999999996,41.09999999999996,78000,3197692.0,603062
2026-07-07 15:00:00,41.09999999999997,41.34999999999995,40.99999999999995,41.18999999999996,61700,2542227.0,603062
2026-07-08 10:00:00,41.19,41.58,40.400000000000006,40.99999999999998,192500,7884071.0,603062
2026-07-08 10:30:00,40.99999999999999,41.23999999999997,40.70999999999999,41.18999999999998,58600,2402921.0,603062
2026-07-08 11:00:00,41.17999999999999,41.249999999999964,40.75999999999999,40.75999999999997,24200,992166.0,603062
2026-07-08 11:30:00,40.759999999999984,40.949999999999946,40.75999999999999,40.79999999999996,11000,448862.0,603062
2026-07-08 13:30:00,40.80999999999998,40.92999999999995,40.50999999999999,40.52999999999997,39800,1620035.0,603062
2026-07-08 14:00:00,40.55999999999997,40.55999999999994,40.120000000000005,40.25999999999996,45300,1824472.0,603062
2026-07-08 14:30:00,40.26999999999997,40.45999999999993,40.17,40.25999999999996,15200,612676.0,603062
2026-07-08 15:00:00,40.25999999999997,40.51999999999993,39.85,39.99999999999996,103800,4171272.0,603062
2026-07-09 10:00:00,40.37,40.37,39.60000000000001,39.60999999999998,67800,2702037.0,603062
2026-07-09 10:30:00,39.59999999999999,39.61999999999999,38.66000000000003,38.89999999999999,129600,5060190.0,603062
2026-07-09 11:00:00,38.9,38.9,38.39000000000001,38.399999999999984,51000,1969631.0,603062
2026-07-09 11:30:00,38.41999999999999,38.50999999999998,38.01000000000002,38.409999999999975,60500,2313153.0,603062
2026-07-09 13:30:00,38.38999999999999,38.51999999999998,38.20000000000002,38.42999999999998,41500,1591660.0,603062
2026-07-09 14:00:00,38.4,38.52,38.300000000000026,38.399999999999984,43000,1652716.0,603062
2026-07-09 14:30:00,38.45,38.51999999999998,37.94000000000002,38.28999999999997,150500,5738931.0,603062
2026-07-09 15:00:00,38.28,38.29999999999999,38.06000000000002,38.25999999999998,115200,4400101.0,603062
2026-07-10 10:00:00,38.85,39.00999999999999,37.65999999999999,38.84999999999995,233100,8940342.0,603062
2026-07-10 10:30:00,38.94999999999999,39.09,38.79999999999999,39.019999999999975,111700,4349484.0,603062
2026-07-10 11:00:00,38.92999999999999,39.18,38.74,39.08999999999997,73700,2872044.0,603062
2026-07-10 11:30:00,39.09,39.150000000000006,38.78000000000001,39.01999999999997,38000,1480849.0,603062
2026-07-10 13:30:00,39.17,39.16999999999999,38.74,38.939999999999934,58400,2274821.0,603062
2026-07-10 14:00:00,38.93999999999999,38.93999999999997,38.6,38.64999999999994,69000,2669560.0,603062
2026-07-10 14:30:00,38.649999999999984,38.79999999999996,38.6,38.67999999999995,35300,1365241.0,603062
2026-07-10 15:00:00,38.69999999999999,38.909999999999975,38.63999999999999,38.9,81000,3141935.0,603062
2026-07-13 10:00:00,38.86,38.86,37.369999999999976,37.36999999999996,316500,12026690.0,603062
2026-07-13 10:30:00,37.36999999999998,37.43999999999998,37.03999999999999,37.18999999999995,104300,3886520.0,603062
2026-07-13 11:00:00,37.17999999999999,37.17999999999999,36.66999999999997,36.699999999999946,89500,3296454.0,603062
2026-07-13 11:30:00,36.69999999999997,36.99999999999995,36.68999999999997,36.92999999999994,49500,1823723.0,603062
2026-07-13 13:30:00,36.84999999999996,36.92999999999995,36.23999999999994,36.30999999999994,87900,3218072.0,603062
2026-07-13 14:00:00,36.37999999999995,36.84999999999992,36.35999999999993,36.37999999999992,67100,2455302.0,603062
2026-07-13 14:30:00,36.39999999999993,36.39999999999991,36.17999999999994,36.21999999999993,62400,2262972.0,603062
2026-07-13 15:00:00,36.19999999999994,36.41999999999991,35.99999999999994,36.25999999999991,128600,4651229.0,603062
2026-07-14 10:00:00,36.0,36.3,35.01000000000001,35.600000000000044,304300,10786516.0,603062
2026-07-14 10:30:00,35.6,36.06,35.600000000000016,35.84,140500,5035344.0,603062
2026-07-14 11:00:00,35.69999999999997,35.83999999999998,35.22999999999997,35.559999999999995,83900,2979255.0,603062
2026-07-14 11:30:00,35.499999999999964,35.76,35.259999999999984,35.66,60900,2163412.0,603062
2026-07-14 13:30:00,35.74999999999997,36.38000000000001,35.65999999999998,36.36000000000002,89800,3242002.0,603062
2026-07-14 14:00:00,36.37999999999998,36.390000000000015,35.85999999999997,35.97,53100,1915044.0,603062
2026-07-14 14:30:00,35.96999999999997,36.320000000000014,35.96999999999997,36.29999999999999,51300,1857597.0,603062
2026-07-14 15:00:00,36.299999999999976,36.31000000000002,36.09999999999996,36.24999999999998,49400,1790094.0,603062
2026-07-15 10:00:00,36.25,36.97000000000001,35.98,36.87000000000002,164000,5999785.0,603062
2026-07-15 10:30:00,36.8,36.82000000000002,36.46000000000002,36.660000000000025,57600,2110196.0,603062
2026-07-15 11:00:00,36.650000000000034,36.98000000000002,36.63000000000003,36.79000000000004,57900,2134656.0,603062
2026-07-15 11:30:00,36.790000000000056,36.79000000000002,36.48000000000006,36.71000000000003,36300,1327936.0,603062
2026-07-15 13:30:00,36.55000000000006,36.71000000000003,36.26000000000007,36.59000000000003,165000,6024046.0,603062
2026-07-15 14:00:00,36.59000000000006,36.69000000000002,36.52000000000007,36.62000000000003,41500,1518090.0,603062
2026-07-15 14:30:00,36.61000000000006,36.66000000000001,36.430000000000064,36.600000000000016,28300,1034653.0,603062
2026-07-15 15:00:00,36.64000000000006,36.71999999999999,36.57000000000006,36.62000000000001,42900,1571656.0,603062
2026-07-16 10:00:00,36.34,36.73,35.85000000000001,36.58999999999999,134800,4891034.0,603062
2026-07-16 10:30:00,36.400000000000006,36.78999999999999,36.40000000000001,36.72000000000001,66600,2438476.0,603062
2026-07-16 11:00:00,36.680000000000014,36.81999999999999,36.50000000000004,36.69000000000002,27300,1001762.0,603062
2026-07-16 11:30:00,36.69000000000001,36.74,36.39000000000002,36.54000000000002,21000,767844.0,603062
2026-07-16 13:30:00,36.66,36.74999999999999,36.51000000000002,36.62000000000001,30900,1131164.0,603062
2026-07-16 14:00:00,36.54999999999999,36.549999999999976,36.27000000000004,36.27000000000003,62800,2287331.0,603062
2026-07-16 14:30:00,36.26999999999999,36.46999999999998,36.200000000000045,36.35000000000006,53000,1923970.0,603062
2026-07-16 15:00:00,36.21,36.399999999999984,36.09000000000005,36.21000000000007,70300,2547717.0,603062
2026-07-17 10:00:00,35.96,36.61,35.96,36.12,65200,2363544.0,603062
2026-07-17 10:30:00,36.23,36.23,35.8,35.82,52400,1886992.0,603062
2026-07-17 11:00:00,35.81,35.86,35.36,35.75,52400,1867333.0,603062
2026-07-17 11:30:00,35.81,36.04,35.45,35.47,26600,950155.0,603062
2026-07-17 13:30:00,35.46,35.62,35.03,35.03,62100,2193222.0,603062
2026-07-17 14:00:00,35.2,35.36,34.58,34.97,113300,3948667.0,603062
2026-07-17 14:30:00,35.07,35.55,35.07,35.19,47500,1681504.0,603062
2026-07-17 15:00:00,35.24,35.25,34.73,34.85,56900,1988871.0,603062
2026-07-20 10:00:00,34.86,35.53000000000002,34.72,35.44000000000001,91300,3207832.0,603062
2026-07-20 10:30:00,35.27,35.42,34.7,34.72000000000002,96700,3396470.0,603062
2026-07-20 11:00:00,34.710000000000015,35.1,34.500000000000014,34.910000000000025,71700,2490499.0,603062
2026-07-20 11:30:00,34.96,35.059999999999995,34.720000000000006,34.73000000000002,33000,1150349.0,603062
2026-07-20 13:30:00,34.739999999999995,34.749999999999986,34.11000000000001,34.11000000000002,57000,1961635.0,603062
2026-07-20 14:00:00,34.09999999999997,34.39999999999997,33.559999999999995,33.620000000000005,114700,3883597.0,603062
2026-07-20 14:30:00,33.79999999999995,34.35999999999996,33.60999999999998,33.63000000000001,43900,1485614.0,603062
2026-07-20 15:00:00,33.629999999999924,34.04999999999993,33.37,34.05000000000003,69700,2350616.0,603062
2026-07-21 10:00:00,34.05,34.05,32.90999999999996,33.18999999999995,186600,6233091.0,603062
2026-07-21 10:30:00,33.08999999999999,33.74,32.839999999999975,33.309999999999945,146700,4886854.0,603062
2026-07-21 11:00:00,33.39999999999998,34.009999999999984,33.10999999999997,34.009999999999955,146300,4902410.0,603062
2026-07-21 11:30:00,34.009999999999984,34.29999999999999,33.98999999999997,34.17999999999995,54600,1861774.0,603062
2026-07-21 13:30:00,34.16999999999999,34.499999999999986,34.119999999999976,34.27999999999995,64900,2226977.0,603062
2026-07-21 14:00:00,34.22999999999999,34.33999999999998,33.999999999999986,34.29999999999995,35900,1226389.0,603062
2026-07-21 14:30:00,34.20999999999999,34.28999999999997,34.12999999999999,34.28999999999995,47500,1625955.0,603062
2026-07-21 15:00:00,34.28999999999998,34.45999999999996,34.19999999999998,34.34999999999995,41200,1416810.0,603062
2026-07-22 10:00:00,34.35,34.479999999999976,33.81,34.31999999999995,91400,3119926.0,603062
2026-07-22 10:30:00,34.20999999999997,34.89999999999996,34.12999999999996,34.379999999999946,152600,5242824.0,603062
2026-07-22 11:00:00,34.27999999999996,34.61999999999997,34.14999999999996,34.209999999999944,70400,2422940.0,603062
2026-07-22 11:30:00,34.159999999999954,34.59999999999996,34.07999999999996,34.59999999999993,27800,953599.0,603062
2026-07-22 13:30:00,34.599999999999966,34.79999999999997,34.20999999999997,34.71999999999994,54100,1867916.0,603062
2026-07-22 14:00:00,34.71999999999997,34.84999999999997,34.55999999999998,34.55999999999995,55300,1920920.0,603062
2026-07-22 14:30:00,34.559999999999974,34.81,34.439999999999976,34.76,56900,1972394.0,603062
2026-07-22 15:00:00,34.76999999999998,35.14,34.62999999999999,35.14000000000001,115100,4020669.0,603062
2026-07-23 10:00:00,35.2,35.64999999999999,35.00000000000001,35.599999999999994,75600,2674328.0,603062
2026-07-23 10:30:00,35.639999999999986,35.63999999999999,35.27,35.379999999999995,53500,1897013.0,603062
2026-07-23 11:00:00,35.41999999999999,35.48,35.22999999999998,35.34999999999999,35100,1241892.0,603062
2026-07-23 11:30:00,35.34999999999998,35.349999999999994,35.03999999999999,35.15999999999999,54200,1906032.0,603062
2026-07-23 13:30:00,35.169999999999995,35.72000000000003,35.030000000000015,35.63000000000002,82100,2905932.0,603062
2026-07-23 14:00:00,35.600000000000016,35.77000000000004,35.57,35.60000000000003,66500,2370084.0,603062
2026-07-23 14:30:00,35.650000000000006,35.78000000000004,35.550000000000004,35.78000000000004,39800,1417333.0,603062
2026-07-23 15:00:00,35.77000000000001,35.990000000000045,35.770000000000024,35.92000000000004,68300,2452135.0,603062
2026-07-24 10:00:00,36.0,36.0,35.2,35.290000000000006,83900,2975138.0,603062
2026-07-24 10:30:00,35.28999999999999,35.39,34.86999999999999,34.92,54600,1914583.0,603062
2026-07-24 11:00:00,34.94,34.94000000000001,34.54,34.61000000000001,37500,1303465.0,603062
2026-07-24 11:30:00,34.610000000000014,34.79000000000003,34.59000000000002,34.78000000000001,17600,610570.0,603062
2026-07-24 13:30:00,34.750000000000014,35.13000000000004,34.640000000000015,35.08000000000001,24600,860069.0,603062
2026-07-24 14:00:00,35.04000000000002,35.040000000000035,34.72000000000003,34.72000000000002,17600,614265.0,603062
2026-07-24 14:30:00,34.700000000000024,34.720000000000056,34.620000000000026,34.67000000000003,15100,523437.0,603062
2026-07-24 15:00:00,34.67000000000004,34.67000000000005,34.45000000000003,34.49,32900,1137125.0,603062
2026-07-27 10:00:00,33.660000000000004,35.31,33.660000000000004,34.90999999999998,101500,3536273.0,603062
2026-07-27 10:30:00,34.86000000000001,35.02999999999997,34.849999999999994,34.99999999999996,17200,601221.0,603062
2026-07-27 11:00:00,34.97999999999998,35.029999999999944,34.659999999999975,34.709999999999944,16500,574982.0,603062
2026-07-27 11:30:00,34.729999999999976,34.74999999999994,34.59999999999997,34.65999999999994,13500,467887.0,603062
2026-07-27 13:30:00,34.669999999999966,34.739999999999924,34.28999999999996,34.359999999999935,40800,1406321.0,603062
2026-07-27 14:00:00,34.35999999999995,34.44999999999991,34.299999999999955,34.36999999999992,27400,941737.0,603062
2026-07-27 14:30:00,34.36999999999994,34.58999999999989,34.32999999999995,34.48999999999993,30100,1038280.0,603062
2026-07-27 15:00:00,34.519999999999946,34.65999999999989,34.439999999999976,34.55999999999992,47100,1626883.0,603062
2026-07-28 10:00:00,34.56,34.910000000000004,34.099999999999994,34.90999999999998,46700,1617930.0,603062
2026-07-28 10:30:00,34.88999999999999,35.34000000000001,34.65999999999998,35.18999999999998,74200,2598722.0,603062
2026-07-28 11:00:00,35.27,35.44000000000002,35.00999999999998,35.07999999999999,48100,1693060.0,603062
2026-07-28 11:30:00,35.08,35.460000000000015,34.90999999999997,35.28999999999998,34600,1218770.0,603062
2026-07-28 13:30:00,35.28,35.28000000000002,34.97999999999996,34.97999999999997,20000,701262.0,603062
2026-07-28 14:00:00,34.999999999999986,35.45,34.96999999999997,35.26999999999998,44500,1568800.0,603062
2026-07-28 14:30:00,35.26999999999998,35.330000000000005,35.12999999999996,35.18999999999997,30800,1085803.0,603062
2026-07-28 15:00:00,35.18999999999998,35.260000000000005,35.06999999999996,35.14999999999996,54800,1925389.0,603062
2026-07-29 10:00:00,35.35,35.87999999999998,35.11,35.469999999999985,82700,2938444.0,603062
2026-07-29 10:30:00,35.42999999999999,35.6,35.36999999999999,35.6,42700,1514899.0,603062
2026-07-29 11:00:00,35.669999999999995,35.67,35.30999999999998,35.33,21600,766591.0,603062
2026-07-29 11:30:00,35.32999999999999,35.50999999999997,35.15999999999996,35.37999999999997,32700,1154993.0,603062
2026-07-29 13:30:00,35.35999999999998,35.85999999999999,35.209999999999965,35.829999999999984,64900,2306484.0,603062
2026-07-29 14:00:00,35.809999999999995,35.899999999999984,35.69999999999998,35.75999999999996,48700,1744482.0,603062
2026-07-29 14:30:00,35.75999999999999,35.83999999999996,35.729999999999976,35.79999999999997,20700,740827.0,603062
2026-07-29 15:00:00,35.78999999999999,35.799999999999976,35.69999999999999,35.69999999999998,36000,1286517.0,603062
2026-07-30 10:00:00,35.7,36.61000000000001,35.410000000000004,36.38999999999999,128000,4638795.0,603062
2026-07-30 10:30:00,36.38999999999999,36.6,36.27000000000002,36.350000000000016,54500,1988424.0,603062
2026-07-30 11:00:00,36.35000000000001,36.38,36.09000000000001,36.13,39400,1428034.0,603062
2026-07-30 11:30:00,36.08999999999999,36.19999999999998,35.88000000000002,35.89,24400,879800.0,603062
2026-07-30 13:30:00,35.87999999999998,36.02999999999999,35.67000000000003,35.93000000000001,36500,1308243.0,603062
2026-07-30 14:00:00,35.92999999999999,36.09999999999999,35.73000000000004,35.98000000000001,36400,1310455.0,603062
2026-07-30 14:30:00,35.980000000000004,36.16,35.98000000000004,36.03,50200,1809979.0,603062
2026-07-30 15:00:00,36.05,36.09,35.77000000000001,36.02000000000001,67700,2435644.0,603062
2026-07-31 10:00:00,36.6,36.63,36.03,36.38999999999999,88000,3195662.0,603062
2026-07-31 10:30:00,36.31,36.37000000000002,35.91,35.96999999999999,44700,1613831.0,603062
2026-07-31 11:00:00,35.97,36.02,35.65000000000003,35.70000000000004,56000,2006573.0,603062
2026-07-31 11:30:00,35.66000000000003,35.85,35.650000000000034,35.760000000000005,27700,989716.0,603062
2026-07-31 13:30:00,35.84,36.02999999999999,35.780000000000015,36.03,23800,854488.0,603062
2026-07-31 14:00:00,36.02,36.079999999999984,35.93000000000003,36.080000000000005,12200,439277.0,603062
2026-07-31 14:30:00,36.080000000000005,36.229999999999976,36.080000000000034,36.17,27500,994572.0,603062
2026-07-31 15:00:00,36.17,36.22999999999998,35.950000000000045,36.120000000000005,62500,2256308.0,603062
2026-08-03 10:00:00,36.2,37.360000000000014,35.8,37.36000000000002,141100,5185032.0,603062
2026-08-03 10:30:00,37.36999999999998,37.37000000000001,36.87999999999999,36.89000000000002,47200,1751045.0,603062
2026-08-03 11:00:00,36.85999999999998,37.15000000000001,36.79999999999999,37.15000000000003,32300,1193921.0,603062
2026-08-03 11:30:00,37.12999999999998,37.180000000000014,36.93999999999999,36.94000000000002,18200,674662.0,603062
2026-08-03 13:30:00,37.009999999999984,37.20000000000001,36.92999999999999,37.13000000000002,23200,860998.0,603062
2026-08-03 14:00:00,37.14999999999998,37.36000000000001,37.08999999999998,37.24,43500,1620035.0,603062
2026-08-03 14:30:00,37.209999999999965,37.28999999999998,37.119999999999976,37.25999999999999,19100,710749.0,603062
2026-08-03 15:00:00,37.25999999999996,37.28,37.12999999999997,37.28,63300,2355493.0,603062
2026-08-04 10:00:00,37.28,37.46000000000001,36.9,37.31,86700,3232886.0,603062
2026-08-04 10:30:00,37.440000000000005,37.65000000000001,37.44,37.61000000000001,34200,1284436.0,603062
2026-08-04 11:00:00,37.63000000000001,37.82000000000001,37.63,37.790000000000006,38800,1464293.0,603062
2026-08-04 11:30:00,37.790000000000006,37.98,37.71,37.96000000000001,27000,1021624.0,603062
2026-08-04 13:30:00,37.95000000000002,37.98,37.85000000000003,37.95000000000002,24700,936572.0,603062
2026-08-04 14:00:00,37.95000000000002,38.0,37.46000000000003,37.78999999999999,99000,3742185.0,603062
2026-08-04 14:30:00,37.78999999999998,37.839999999999954,37.71000000000001,37.79999999999999,22200,839033.0,603062
2026-08-04 15:00:00,37.79999999999996,37.80999999999994,37.68000000000001,37.72999999999999,46400,1750449.0,603062
2026-08-05 10:00:00,42.65006746,42.81962776,42.29964284,42.7291956,42090,1585699.0,603062
2026-08-05 10:30:00,42.7291956,43.13614032,42.71789158,43.0117961,49800,1894334.0,603062
2026-08-05 11:00:00,43.0117961,43.07962022,42.93266796,42.93266796,17000,646409.0,603062
2026-08-05 11:30:00,42.93266796,43.05701218,42.8987559,43.00049208,10100,383968.0,603062
2026-08-05 13:30:00,43.00049208,43.11353228,42.86484384,42.8987559,30900,1175627.0,603062
2026-08-05 14:00:00,42.8987559,43.10222826,42.81962776,43.05701218,63600,2420109.0,603062
2026-08-05 14:30:00,43.05701218,43.10222826,42.93266796,43.0117961,51300,1953457.0,603062
2026-08-05 15:00:00,43.0117961,43.14744434,42.92136394,43.1248363,56400,2146757.0,603062
